filename,scores,labels,boxes
722_to_724.png,[0.9980120658874512],[0],"[[901.501708984375, 67.33171081542969, 1137.32763671875, 1139.572021484375]]"
771_to_773.png,"[0.9895142316818237, 0.9712513089179993]",[0 0],"[[1081.208984375, 76.48590087890625, 1323.211181640625, 1039.2835693359375], [861.6643676757812, 155.9378204345703, 1062.14892578125, 912.9671020507812]]"
2361_to_2363.png,[0.9968187808990479],[0],"[[1400.5679931640625, 109.20318603515625, 1602.4010009765625, 918.3594970703125]]"
769_to_771.png,"[0.9992893934249878, 0.989821195602417, 0.9858147501945496]",[0 0 0],"[[1379.5169677734375, 1.229095458984375, 1590.1475830078125, 922.1011352539062], [254.4949188232422, 51.817073822021484, 510.4620056152344, 961.6010131835938], [1687.2362060546875, 33.98174285888672, 1956.3006591796875, 1060.5408935546875]]"
700_to_702.png,"[0.9942387342453003, 0.8686561584472656, 0.8370641469955444]",[0 0 0],"[[1175.3509521484375, 144.64358520507812, 1402.32666015625, 1098.51953125], [1422.82421875, 158.73648071289062, 1603.2091064453125, 1071.354736328125], [28.968332290649414, 197.84425354003906, 260.98870849609375, 1198.6876220703125]]"
2362_to_2364.png,[0.9997010827064514],[0],"[[1807.16015625, 44.538002014160156, 1984.8936767578125, 956.0070190429688]]"
677_to_679.png,[0.9940723776817322],[0],"[[11.715031623840332, 45.81916809082031, 240.0635986328125, 1031.124755859375]]"
816_to_818.png,[0.9972646236419678],[0],"[[943.1160278320312, 129.06552124023438, 1178.2620849609375, 1072.9361572265625]]"
2578_to_2580.png,[0.9996839761734009],[0],"[[1777.7862548828125, 0.0, 1971.64208984375, 958.1731567382812]]"
770_to_772.png,"[0.9996998310089111, 0.9878730773925781, 0.879718005657196]",[0 0 0],"[[387.1611022949219, 7.914590835571289, 584.5795288085938, 916.14453125], [682.6919555664062, 39.80369567871094, 952.9652099609375, 1103.448486328125], [1853.15283203125, 153.75326538085938, 2000.0, 985.4093017578125]]"
1219_to_1221.png,[0.9840784072875977],[0],"[[106.99929809570312, 183.20513916015625, 323.9649658203125, 1003.2318725585938]]"
2617_to_2619.png,[0.9722508788108826],[0],"[[1269.9617919921875, 21.714448928833008, 1516.2119140625, 962.130859375]]"
868_to_870.png,"[0.9970813393592834, 0.9963692426681519]",[0 0],"[[29.171350479125977, 34.692909240722656, 248.59609985351562, 953.3655395507812], [1516.2430419921875, 28.40826988220215, 1746.260009765625, 930.2091064453125]]"
854_to_856.png,"[0.9975395202636719, 0.9944300055503845]",[0 0],"[[354.0264892578125, 194.2599639892578, 574.1810302734375, 1132.02685546875], [1591.033447265625, 198.82421875, 1820.3837890625, 1126.1064453125]]"
805_to_807.png,[0.9957571625709534],[0],"[[1361.1358642578125, 70.39569854736328, 1604.2374267578125, 998.93701171875]]"
1321_to_1323.png,[0.9928955435752869],[0],"[[11.482860565185547, 165.70999145507812, 200.31375122070312, 927.3381958007812]]"
2800_to_2802.png,[0.9920380115509033],[0],"[[1094.2774658203125, 377.70013427734375, 1282.0684814453125, 1063.81982421875]]"
2354_to_2356.png,[0.9970892071723938],[0],"[[1602.160400390625, 109.47035217285156, 1864.8228759765625, 1075.12841796875]]"
783_to_785.png,"[0.9993977546691895, 0.992508590221405]",[0 0],"[[281.6920166015625, 8.634653091430664, 502.6658630371094, 890.802734375], [1019.57470703125, 0.0, 1265.1268310546875, 1046.5455322265625]]"
834_to_836.png,[0.9980257749557495],[0],"[[370.0801086425781, 0.0, 603.7723388671875, 953.5287475585938]]"
1263_to_1265.png,"[0.9981308579444885, 0.9859091639518738]",[0 0],"[[1254.1656494140625, 286.03887939453125, 1474.509521484375, 1112.8089599609375], [1.8114985227584839, 208.750732421875, 166.6433563232422, 1074.180419921875]]"
831_to_833.png,"[0.9994096755981445, 0.9836215376853943]",[0 0],"[[1548.0596923828125, 0.0, 1776.2388916015625, 921.0576782226562], [409.9007263183594, 68.060302734375, 600.1607666015625, 849.44873046875]]"
674_to_676.png,"[0.999636173248291, 0.9860105514526367]",[0 0],"[[1796.6888427734375, 121.96300506591797, 1990.70654296875, 1063.8631591796875], [547.11328125, 89.06759643554688, 789.5952758789062, 1057.73095703125]]"
782_to_784.png,"[0.9988092184066772, 0.8749107122421265]",[0 0],"[[1274.515869140625, 0.0, 1501.2684326171875, 918.4981079101562], [213.29153442382812, 97.25337982177734, 396.65447998046875, 829.9011840820312]]"
792_to_794.png,[0.9758889675140381],[0],"[[1198.1075439453125, 53.790950775146484, 1382.3677978515625, 819.8330078125]]"
741_to_743.png,[0.9917272329330444],[0],"[[349.0545959472656, 0.0, 596.2999877929688, 1140.285400390625]]"
740_to_742.png,"[0.9952979683876038, 0.99198979139328]",[0 0],"[[290.8887023925781, 0.0, 525.23583984375, 1142.08447265625], [1336.9417724609375, 6.548824310302734, 1582.6343994140625, 1158.0714111328125]]"
1265_to_1267.png,[0.9750340580940247],[0],"[[630.5787963867188, 440.5712585449219, 860.21142578125, 1114.910888671875]]"
817_to_819.png,"[0.989838719367981, 0.987991988658905]",[0 0],"[[2.5356974601745605, 183.2351531982422, 161.02833557128906, 988.7896728515625], [1204.742919921875, 201.51426696777344, 1504.0926513671875, 1160.316650390625]]"
869_to_871.png,[0.9972012042999268],[0],"[[516.446044921875, 73.0143051147461, 738.37548828125, 941.3248291015625]]"
2611_to_2613.png,"[0.9952632188796997, 0.939287543296814]",[0 0],"[[1811.3050537109375, 0.0, 1985.1334228515625, 915.9143676757812], [562.1921997070312, 43.83699417114258, 754.0875244140625, 842.6870727539062]]"
822_to_824.png,"[0.9891074299812317, 0.9768195748329163]",[0 0],"[[1582.8468017578125, 27.442703247070312, 1891.4801025390625, 1225.9407958984375], [263.49346923828125, 87.55010986328125, 550.5742797851562, 1223.2423095703125]]"
2618_to_2620.png,"[0.9870674014091492, 0.9858576059341431]",[0 0],"[[267.1327209472656, 0.7279014587402344, 515.617919921875, 942.2443237304688], [1682.8851318359375, 0.0, 1935.5328369140625, 940.8903198242188]]"
747_to_749.png,[0.9995773434638977],[0],"[[899.6354370117188, 12.791061401367188, 1153.6654052734375, 1123.2137451171875]]"
3265_to_3267.png,"[0.9934919476509094, 0.989266037940979]",[0 0],"[[1406.2271728515625, 0.0, 1648.616455078125, 840.1749877929688], [145.7807159423828, 20.588607788085938, 368.0126953125, 800.0542602539062]]"
737_to_739.png,"[0.9861845374107361, 0.8461869359016418]",[0 0],"[[887.5611572265625, 9.330596923828125, 1103.85693359375, 1080.8582763671875], [1053.27392578125, 203.38453674316406, 1297.636474609375, 1108.1175537109375]]"
2341_to_2343.png,[0.999011754989624],[0],"[[1058.0118408203125, 104.81169128417969, 1297.614013671875, 1085.3846435546875]]"
849_to_851.png,[0.9810805916786194],[0],"[[731.3773803710938, 155.35508728027344, 906.8604736328125, 920.3942260742188]]"
874_to_876.png,[],[],[]
781_to_783.png,"[0.8633171916007996, 0.8216392993927002]",[1 0],"[[1506.4573974609375, 0.0, 1772.0465087890625, 1500.0], [1212.6807861328125, 104.26815032958984, 1404.955322265625, 821.3134155273438]]"
784_to_786.png,"[0.9976871013641357, 0.9705820679664612]",[0 0],"[[1330.8221435546875, 0.0, 1618.0057373046875, 1085.885498046875], [18.654319763183594, 0.0, 247.0272979736328, 990.6621704101562]]"
2589_to_2591.png,[0.9989920258522034],[0],"[[172.4481658935547, 13.993778228759766, 402.47015380859375, 901.7138061523438]]"
2799_to_2801.png,[0.9947638511657715],[0],"[[548.9909057617188, 293.8660583496094, 782.3783569335938, 1069.3211669921875]]"
855_to_857.png,[0.9787059426307678],[0],"[[608.4741821289062, 199.19357299804688, 833.9693603515625, 1122.4288330078125]]"
2355_to_2357.png,"[0.9970269799232483, 0.9943177103996277]",[0 0],"[[1717.151611328125, 103.86222839355469, 1942.326904296875, 983.697509765625], [628.6344604492188, 133.21546936035156, 868.0401000976562, 983.2274169921875]]"
866_to_868.png,[0.9990912675857544],[0],"[[560.3084716796875, 42.54100799560547, 794.5668334960938, 975.9473266601562]]"
2620_to_2622.png,[0.9267122149467468],[0],"[[1046.111328125, 22.689170837402344, 1273.4154052734375, 954.4615478515625]]"
728_to_730.png,"[0.9976867437362671, 0.9883822798728943]",[0 0],"[[1552.1597900390625, 61.200225830078125, 1776.6307373046875, 963.55419921875], [987.6875610351562, 4.698171615600586, 1243.927001953125, 802.884521484375]]"
719_to_721.png,"[0.9889246821403503, 0.9410316348075867, 0.9372451305389404]",[0 0 0],"[[618.2418212890625, 15.002975463867188, 827.3204956054688, 830.4473266601562], [1486.0177001953125, 0.0, 1725.13232421875, 1159.8504638671875], [204.6620330810547, 133.7550506591797, 436.9198913574219, 1135.095458984375]]"
1324_to_1326.png,[],[],[]
2865_to_2867.png,[0.9348973631858826],[1],"[[738.0332641601562, 874.3145141601562, 1034.6802978515625, 1500.0]]"
867_to_869.png,[0.9988424181938171],[0],"[[1021.3815307617188, 64.52190399169922, 1263.7303466796875, 969.0111083984375]]"
2090_to_2092.png,[],[],[]
2798_to_2800.png,"[0.9968878626823425, 0.9764065146446228]",[0 0],"[[1563.2255859375, 327.4339904785156, 1755.55029296875, 1090.2261962890625], [38.83245086669922, 305.43206787109375, 274.26531982421875, 1040.51708984375]]"
732_to_734.png,"[0.9985129237174988, 0.9943994879722595]",[0 0],"[[576.9317626953125, 29.729948043823242, 813.5010375976562, 952.9534301757812], [955.0765380859375, 176.2186737060547, 1202.27197265625, 1096.3514404296875]]"
2797_to_2799.png,[0.9856980443000793],[0],"[[1038.3636474609375, 335.3204040527344, 1261.24072265625, 1062.3619384765625]]"
739_to_741.png,"[0.9990880489349365, 0.9986439347267151, 0.9425320625305176]",[0 0 0],"[[1287.67919921875, 0.0, 1520.1173095703125, 1098.51123046875], [74.90737915039062, 0.0, 308.9190979003906, 1073.7362060546875], [345.6488952636719, 118.95486450195312, 623.552978515625, 1165.4420166015625]]"
2600_to_2602.png,[0.9798226952552795],[0],"[[428.26702880859375, 8.84073257446289, 649.051025390625, 855.4969482421875]]"
791_to_793.png,[0.9756137728691101],[0],"[[685.622802734375, 79.15924072265625, 924.2693481445312, 874.6084594726562]]"
2568_to_2570.png,[0.9295185208320618],[0],"[[38.144798278808594, 55.57823181152344, 241.1497802734375, 915.4964599609375]]"
802_to_804.png,"[0.9994766116142273, 0.998954176902771]",[0 0],"[[632.925537109375, 12.254476547241211, 859.8724365234375, 931.5535278320312], [903.8058471679688, 159.1064910888672, 1151.80029296875, 1107.3585205078125]]"
803_to_805.png,"[0.9979830980300903, 0.9601098299026489]",[0 0],"[[1239.3651123046875, 106.64308166503906, 1467.4217529296875, 1147.8612060546875], [2.0772974491119385, 123.83743286132812, 147.58180236816406, 1036.1507568359375]]"
852_to_854.png,"[0.9998111128807068, 0.9996424913406372]",[0 0],"[[384.7428283691406, 50.03788757324219, 606.7055053710938, 936.3133544921875], [1597.497314453125, 48.57727813720703, 1807.719482421875, 932.3453369140625]]"
840_to_842.png,"[0.9989033937454224, 0.9957606196403503]",[0 0],"[[1724.1695556640625, 0.0, 1993.58154296875, 985.3449096679688], [322.4416809082031, 17.207250595092773, 595.6319580078125, 952.1035766601562]]"
818_to_820.png,"[0.9958207607269287, 0.9170857667922974, 0.8360224366188049]",[0 0 0],"[[205.65060424804688, 164.77615356445312, 485.4847717285156, 1224.7518310546875], [1517.8521728515625, 120.8810806274414, 1773.3834228515625, 1131.3038330078125], [1828.2918701171875, 281.24029541015625, 2000.0, 962.4737548828125]]"
718_to_720.png,"[0.9479557275772095, 0.9121304154396057, 0.8999403119087219]",[0 0 0],"[[1611.9320068359375, 39.14897918701172, 1816.5087890625, 914.0367431640625], [663.5897827148438, 0.0, 876.0993041992188, 870.8482666015625], [1200.8900146484375, 141.61439514160156, 1435.9365234375, 1136.9803466796875]]"
804_to_806.png,[0.9943859577178955],[0],"[[230.44793701171875, 128.0576171875, 474.7847595214844, 1105.3365478515625]]"
1261_to_1263.png,[0.9870918989181519],[0],"[[619.7197265625, 302.27630615234375, 799.0039672851562, 1089.291748046875]]"
819_to_821.png,"[0.9995717406272888, 0.9972986578941345, 0.9521494507789612, 0.8077124357223511]",[0 0 0 0],"[[1841.202392578125, 395.1107177734375, 2000.0, 1243.019775390625], [1576.25048828125, 85.01681518554688, 1786.4315185546875, 1004.4109497070312], [848.5642700195312, 133.20216369628906, 1077.6217041015625, 947.7947387695312], [539.9307250976562, 153.74783325195312, 779.7109985351562, 1121.79248046875]]"
2577_to_2579.png,[0.9972164630889893],[0],"[[1574.4176025390625, 26.94869041442871, 1761.4249267578125, 908.3668823242188]]"
851_to_853.png,"[0.998672366142273, 0.995001494884491]",[0 0],"[[1384.959228515625, 28.537216186523438, 1607.5311279296875, 990.234375], [78.2076416015625, 13.900165557861328, 277.22503662109375, 976.62646484375]]"
2614_to_2616.png,"[0.9997909665107727, 0.9993984699249268]",[0 0],"[[1661.597412109375, 0.0, 1868.977294921875, 919.1559448242188], [428.45916748046875, 8.269615173339844, 624.2120361328125, 868.304443359375]]"
736_to_738.png,"[0.980405330657959, 0.9789981245994568]",[0 0],"[[516.2714233398438, 33.14592361450195, 757.306640625, 1079.9476318359375], [780.2244262695312, 118.68089294433594, 1056.704833984375, 1178.7437744140625]]"
2587_to_2589.png,[0.9998257756233215],[0],"[[901.0284423828125, 21.012239456176758, 1113.543212890625, 930.2586669921875]]"
2619_to_2621.png,[0.989767849445343],[0],"[[668.8919677734375, 0.0, 937.6925048828125, 955.0645141601562]]"
2612_to_2614.png,[0.9837188124656677],[0],"[[822.55126953125, 0.0, 1013.875732421875, 884.0657958984375]]"
2567_to_2569.png,[0.9962426424026489],[0],"[[1039.1676025390625, 50.38341522216797, 1235.396728515625, 929.2539672851562]]"
2599_to_2601.png,"[0.9987473487854004, 0.9929338693618774]",[0 0],"[[1417.08544921875, 0.0, 1643.654296875, 878.1687622070312], [201.3424530029297, 34.85492706298828, 427.5616760253906, 793.831298828125]]"
861_to_863.png,"[0.9954730868339539, 0.8931916952133179]",[0 0],"[[1287.3875732421875, 84.99578857421875, 1519.841064453125, 991.6360473632812], [1.0154387950897217, 30.599384307861328, 129.37965393066406, 854.8614501953125]]"
761_to_763.png,"[0.9990329742431641, 0.9983463287353516, 0.9979482293128967]",[0 0 0],"[[175.41046142578125, 150.8892059326172, 401.3075256347656, 1069.111083984375], [1240.29296875, 155.90589904785156, 1432.171875, 975.0464477539062], [1580.8114013671875, 115.56475830078125, 1780.016845703125, 1016.27587890625]]"
790_to_792.png,"[0.998518168926239, 0.9876042604446411]",[0 0],"[[305.9077453613281, 64.59136962890625, 550.8634033203125, 937.5156860351562], [1680.9927978515625, 73.65005493164062, 1938.946044921875, 974.1279296875]]"
796_to_798.png,"[0.998625636100769, 0.9595467448234558]",[0 0],"[[96.29080963134766, 113.49040222167969, 342.5152282714844, 966.4822998046875], [840.5160522460938, 0.0, 1100.537841796875, 1047.4608154296875]]"
786_to_788.png,[0.9877095222473145],[0],"[[705.068359375, 0.8270645141601562, 971.7782592773438, 1040.600341796875]]"
3543_to_3545.png,[],[],[]
3293_to_3295.png,[0.9915807843208313],[0],"[[1088.781982421875, 0.0, 1336.733154296875, 901.0032958984375]]"
848_to_850.png,[0.9940069913864136],[0],"[[1734.5032958984375, 188.1868438720703, 1892.8963623046875, 890.11962890625]]"
2610_to_2612.png,[0.9724388718605042],[0],"[[1564.189453125, 45.376708984375, 1743.1944580078125, 912.2406005859375]]"
2802_to_2804.png,[0.9958118200302124],[0],"[[637.4136352539062, 337.046142578125, 830.4495849609375, 1083.3485107421875]]"
738_to_740.png,"[0.9986886382102966, 0.9698997735977173, 0.8047813177108765]",[0 0 0],"[[1096.4676513671875, 0.0, 1308.486572265625, 1066.89013671875], [1360.9854736328125, 145.72007751464844, 1583.8934326171875, 1174.474365234375], [1433.130615234375, 111.72028350830078, 1654.2322998046875, 960.0279541015625]]"
672_to_674.png,[0.9996185302734375],[0],"[[1421.3990478515625, 37.6164436340332, 1680.5594482421875, 1051.837890625]]"
864_to_866.png,[0.9991726279258728],[0],"[[1059.718994140625, 66.93317413330078, 1299.1500244140625, 999.0006713867188]]"
862_to_864.png,"[0.999407172203064, 0.8004528284072876]",[0 0],"[[291.0298767089844, 88.55255126953125, 526.1617431640625, 1015.8206176757812], [1640.261474609375, 79.70884704589844, 1838.1058349609375, 895.5]]"
2588_to_2590.png,[0.9936397671699524],[0],"[[1170.9461669921875, 0.0, 1396.89306640625, 920.6973266601562]]"
795_to_797.png,"[0.9989439845085144, 0.8891940712928772]",[0 0],"[[1106.3487548828125, 83.86341857910156, 1345.466064453125, 1002.110595703125], [865.4398193359375, 17.476072311401367, 1065.403564453125, 894.3272705078125]]"
801_to_803.png,"[0.9997163414955139, 0.9986758828163147, 0.8518990278244019]",[0 0 0],"[[453.6131591796875, 8.536605834960938, 648.6207885742188, 911.4456787109375], [1636.7469482421875, 25.175657272338867, 1858.0401611328125, 916.40576171875], [621.9320068359375, 348.7723693847656, 798.8484497070312, 1059.650390625]]"
810_to_812.png,"[0.9995680451393127, 0.9888935685157776]",[0 0],"[[69.87202453613281, 27.54953384399414, 312.970947265625, 985.30126953125], [1652.5423583984375, 27.322025299072266, 1900.0064697265625, 1059.759765625]]"
794_to_796.png,[0.9989342093467712],[0],"[[756.3019409179688, 22.10369110107422, 1016.4647216796875, 998.9580688476562]]"
3266_to_3268.png,"[0.9980113506317139, 0.9975481629371643]",[0 0],"[[1718.422119140625, 0.0, 1981.7420654296875, 856.7587280273438], [402.1910705566406, 0.0, 652.3970947265625, 848.1475830078125]]"
3267_to_3269.png,[0.9986810088157654],[0],"[[737.5587768554688, 0.0, 990.0308227539062, 891.12353515625]]"
815_to_817.png,"[0.9989086389541626, 0.9986075758934021]",[0 0],"[[587.7400512695312, 168.16455078125, 813.7688598632812, 1074.6829833984375], [199.26031494140625, 65.26588439941406, 451.5996398925781, 923.3720703125]]"
2864_to_2866.png,[0.9703505635261536],[1],"[[1741.3919677734375, 893.1766967773438, 1968.5042724609375, 1500.0]]"
711_to_713.png,[0.9273827075958252],[0],"[[583.6765747070312, 0.0, 848.5397338867188, 1083.4447021484375]]"
843_to_845.png,[0.9843671917915344],[0],"[[18.228574752807617, 0.0, 269.5102233886719, 983.1087036132812]]"
2356_to_2358.png,[0.9976397752761841],[0],"[[708.4454345703125, 92.0522689819336, 945.62060546875, 1001.65283203125]]"
871_to_873.png,[],[],[]
3546_to_3548.png,[],[],[]
823_to_825.png,[0.9819211959838867],[0],"[[585.59619140625, 223.10223388671875, 866.5308227539062, 1190.5634765625]]"
675_to_677.png,[0.9968530535697937],[0],"[[790.033203125, 60.89984893798828, 1036.4080810546875, 1052.151123046875]]"
820_to_822.png,"[0.99908447265625, 0.9951750040054321, 0.9947397112846375]",[0 0 0],"[[1716.8411865234375, 46.52747344970703, 1938.6278076171875, 933.0991821289062], [841.4241943359375, 116.3936767578125, 1120.69189453125, 1192.1168212890625], [569.299072265625, 54.79196548461914, 789.8994750976562, 1019.333984375]]"
2579_to_2581.png,[0.9986239671707153],[0],"[[785.7578735351562, 31.865158081054688, 981.6222534179688, 941.3941650390625]]"
2597_to_2599.png,[0.999413013458252],[0],"[[935.4443969726562, 24.697351455688477, 1149.4993896484375, 880.6160888671875]]"
3294_to_3296.png,[0.9878882765769958],[0],"[[80.09696960449219, 0.0, 331.390625, 889.284423828125]]"
850_to_852.png,[0.9981817007064819],[0],"[[1067.64111328125, 27.255420684814453, 1286.8438720703125, 970.458740234375]]"
721_to_723.png,[0.9983046054840088],[0],"[[728.6927490234375, 68.78345489501953, 992.4104614257812, 1082.251220703125]]"
3263_to_3265.png,[0.9976056814193726],[0],"[[981.0916748046875, 8.623666763305664, 1220.4361572265625, 794.1923828125]]"
2714_to_2716.png,[],[],[]
2363_to_2365.png,[0.9997920393943787],[0],"[[802.491455078125, 49.87415313720703, 1012.1846923828125, 910.3619384765625]]"
3278_to_3280.png,[0.9968703389167786],[0],"[[619.513671875, 0.0, 866.4803466796875, 839.8084106445312]]"
1218_to_1220.png,[0.9965159893035889],[0],"[[1117.9918212890625, 123.90432739257812, 1321.3873291015625, 1025.907958984375]]"
917_to_919.png,[0.9765841960906982],[0],"[[162.25054931640625, 175.06930541992188, 329.36090087890625, 902.3720092773438]]"
3292_to_3294.png,[0.9871928691864014],[0],"[[903.88427734375, 27.406997680664062, 1127.63818359375, 902.2973022460938]]"
2801_to_2803.png,"[0.998997151851654, 0.9958529472351074]",[0 0],"[[81.35811614990234, 347.0227355957031, 297.2479553222656, 1053.4698486328125], [1639.459716796875, 337.0453796386719, 1827.85986328125, 1084.998291015625]]"
3254_to_3256.png,[0.9883328080177307],[0],"[[299.9063720703125, 10.050687789916992, 557.4676513671875, 829.0726318359375]]"
3253_to_3255.png,"[0.9991390705108643, 0.985090970993042]",[0 0],"[[1305.283203125, 17.292280197143555, 1556.8585205078125, 812.2711791992188], [136.5861358642578, 8.305063247680664, 372.73358154296875, 838.0742797851562]]"
744_to_746.png,[0.9956217408180237],[0],"[[1153.93212890625, 48.02295684814453, 1414.9342041015625, 1104.4830322265625]]"
3544_to_3546.png,[],[],[]
1260_to_1262.png,[0.9129154086112976],[0],"[[1607.1907958984375, 308.5133056640625, 1787.6968994140625, 1140.3717041015625]]"
808_to_810.png,[0.9983468055725098],[0],"[[845.5225830078125, 20.626544952392578, 1109.739013671875, 1010.339111328125]]"
730_to_732.png,"[0.9972739815711975, 0.9622228741645813, 0.944304347038269]",[0 0 0],"[[1055.18994140625, 49.2527961730957, 1277.78076171875, 936.8283081054688], [1681.4095458984375, 252.59706115722656, 1914.937255859375, 1073.7445068359375], [128.37574768066406, 6.063108444213867, 382.3371887207031, 806.2821655273438]]"
731_to_733.png,"[0.9980212450027466, 0.9974721074104309, 0.9823582768440247]",[0 0 0],"[[1571.3338623046875, 55.58123779296875, 1827.3399658203125, 941.2960205078125], [47.453487396240234, 39.83525085449219, 293.34912109375, 972.234619140625], [687.0428466796875, 222.30044555664062, 919.9188842773438, 1105.9815673828125]]"
814_to_816.png,"[0.9992039799690247, 0.9920795559883118]",[0 0],"[[1586.124267578125, 175.68360900878906, 1803.3970947265625, 1049.0714111328125], [1201.874267578125, 28.797483444213867, 1444.02978515625, 931.68505859375]]"
839_to_841.png,[0.9985009431838989],[0],"[[1314.7972412109375, 0.0, 1600.540771484375, 1043.609130859375]]"
3276_to_3278.png,[0.9960351586341858],[0],"[[1357.9586181640625, 47.46388244628906, 1579.888916015625, 889.1445922851562]]"
780_to_782.png,[0.9989199638366699],[0],"[[255.28514099121094, 54.489013671875, 465.858642578125, 946.9730834960938]]"
833_to_835.png,[0.9984225034713745],[0],"[[1375.41162109375, 0.0, 1599.95947265625, 908.1993408203125]]"
915_to_917.png,[0.9993991851806641],[0],"[[1001.4549560546875, 71.0915298461914, 1204.458984375, 856.1331787109375]]"
720_to_722.png,"[0.9547376036643982, 0.936924159526825]",[0 0],"[[1714.8135986328125, 88.66172790527344, 1979.1690673828125, 1056.977783203125], [500.61541748046875, 0.0, 729.3429565429688, 1051.2373046875]]"
800_to_802.png,"[0.9993782043457031, 0.9990843534469604]",[0 0],"[[179.01541137695312, 19.798879623413086, 419.16278076171875, 926.8971557617188], [1453.4146728515625, 0.0, 1653.9014892578125, 930.62646484375]]"
2621_to_2623.png,[0.9526018500328064],[0],"[[25.373321533203125, 0.0, 282.3038330078125, 951.0185546875]]"
2342_to_2344.png,[0.9988096952438354],[0],"[[69.69499206542969, 94.22358703613281, 303.7859191894531, 1051.63671875]]"
746_to_748.png,[0.9938655495643616],[0],"[[482.0491943359375, 21.77896499633789, 738.823486328125, 1117.69677734375]]"
673_to_675.png,"[0.9980948567390442, 0.9970102310180664]",[0 0],"[[432.4364318847656, 69.1617660522461, 652.927978515625, 996.965087890625], [1546.5211181640625, 7.349281311035156, 1805.12255859375, 1096.81298828125]]"
1320_to_1322.png,"[0.9991299510002136, 0.8651098608970642]",[0 0],"[[994.1513671875, 163.7129364013672, 1211.8653564453125, 921.634521484375], [56.80620193481445, 122.91889953613281, 270.2823181152344, 924.3990478515625]]"
729_to_731.png,"[0.9957728981971741, 0.9786086678504944, 0.9232383370399475]",[0 0 0],"[[549.23046875, 93.52961730957031, 779.5152587890625, 927.5230712890625], [1134.93310546875, 3.741617202758789, 1388.7689208984375, 815.1011962890625], [26.88311767578125, 41.268367767333984, 250.74005126953125, 759.0004272460938]]"
841_to_843.png,[0.9946911931037903],[0],"[[717.304443359375, 0.0, 989.1212158203125, 1015.4879150390625]]"
2364_to_2366.png,[0.97975093126297],[0],"[[989.302734375, 47.58238983154297, 1179.385986328125, 915.0181884765625]]"
768_to_770.png,[0.9971017241477966],[0],"[[1258.56396484375, 12.691726684570312, 1509.80322265625, 1029.817626953125]]"
735_to_737.png,"[0.9961523413658142, 0.9920280575752258, 0.9906524419784546]",[0 0 0],"[[1788.4698486328125, 347.1263427734375, 1998.024169921875, 1278.873291015625], [552.7183837890625, 72.46822357177734, 837.130126953125, 1273.6016845703125], [1524.773681640625, 0.0, 1761.17236328125, 1083.60791015625]]"
1262_to_1264.png,[0.9960745573043823],[0],"[[952.0598754882812, 277.07464599609375, 1172.235595703125, 1125.237060546875]]"
3312_to_3314.png,[0.8008170127868652],[0],"[[849.658203125, 73.02549743652344, 1107.5274658203125, 840.786865234375]]"
809_to_811.png,[0.9930028319358826],[0],"[[1065.3299560546875, 10.446624755859375, 1317.0128173828125, 975.9692993164062]]"
3545_to_3547.png,[],[],[]
763_to_765.png,"[0.9967517852783203, 0.9952003955841064, 0.9795077443122864]",[0 0 0],"[[511.9633483886719, 92.14156341552734, 722.2384033203125, 993.777587890625], [1533.0611572265625, 76.57316589355469, 1824.9583740234375, 1040.6092529296875], [1003.32080078125, 79.18270111083984, 1229.795654296875, 957.1053466796875]]"
2613_to_2615.png,[0.9983648657798767],[0],"[[1432.359130859375, 0.0, 1641.239013671875, 881.4218139648438]]"
832_to_834.png,[0.9992789626121521],[0],"[[536.767578125, 0.0, 770.6070556640625, 896.2689819335938]]"
779_to_781.png,"[0.9989811778068542, 0.9956570863723755, 0.8026523590087891]",[0 0 1],"[[1241.8045654296875, 25.066967010498047, 1465.5177001953125, 979.4700927734375], [295.4034423828125, 57.83680725097656, 494.2574157714844, 971.5811767578125], [738.359375, 0.0, 992.09765625, 1497.73583984375]]"
3252_to_3254.png,[0.9982572197914124],[0],"[[1135.14990234375, 3.9911842346191406, 1367.2177734375, 886.09912109375]]"
676_to_678.png,[0.9991278052330017],[0],"[[973.8120727539062, 77.93209075927734, 1239.186767578125, 1090.1087646484375]]"
743_to_745.png,"[0.9897646903991699, 0.958446204662323]",[0 0],"[[830.372802734375, 0.0, 1069.892578125, 1095.287109375], [1253.970458984375, 188.45587158203125, 1475.31689453125, 1011.7955322265625]]"
2598_to_2600.png,"[0.9930117726325989, 0.9321560859680176]",[0 0],"[[1197.147705078125, 0.0, 1432.7071533203125, 875.3289184570312], [3.300746202468872, 4.329614639282227, 140.50392150878906, 823.9400634765625]]"
712_to_714.png,[0.9726314544677734],[0],"[[1005.1369018554688, 116.37251281738281, 1277.44287109375, 1191.9884033203125]]"
2616_to_2618.png,[0.9971945285797119],[0],"[[847.5455932617188, 0.0, 1083.6883544921875, 915.9920654296875]]"
914_to_916.png,[0.998562753200531],[0],"[[931.0374755859375, 43.18476867675781, 1128.6968994140625, 942.690673828125]]"
860_to_862.png,[0.9997535347938538],[0],"[[881.8135986328125, 90.53275299072266, 1124.0189208984375, 1018.6950073242188]]"
1264_to_1266.png,"[0.9978359341621399, 0.9825891256332397]",[0 0],"[[251.45065307617188, 281.4051208496094, 469.962158203125, 1125.2366943359375], [1646.1292724609375, 317.327392578125, 1858.09619140625, 1132.0499267578125]]"
3264_to_3266.png,"[0.9974024891853333, 0.9184666872024536]",[0 0],"[[1139.782470703125, 0.6968021392822266, 1363.5155029296875, 817.5902709960938], [16.42529296875, 26.538047790527344, 209.67544555664062, 743.7681884765625]]"
745_to_747.png,"[0.9995447993278503, 0.9993232488632202]",[0 0],"[[154.6093292236328, 44.498863220214844, 406.9454650878906, 1064.211669921875], [1498.4305419921875, 0.0, 1741.4774169921875, 1075.0799560546875]]"
3277_to_3279.png,[0.9983990788459778],[0],"[[1612.86474609375, 0.0, 1863.433349609375, 890.2166137695312]]"
873_to_875.png,[],[],[]
701_to_703.png,"[0.9951044321060181, 0.908420741558075, 0.8070344924926758]",[0 0 0],"[[169.2481231689453, 102.85943603515625, 406.83740234375, 1066.7369384765625], [1676.19091796875, 117.34039306640625, 1936.942138671875, 1324.404541015625], [376.0686950683594, 218.59445190429688, 590.3197021484375, 1305.9290771484375]]"
865_to_867.png,"[0.9996519088745117, 0.9966260194778442]",[0 0],"[[1562.671142578125, 44.80152893066406, 1805.26904296875, 941.1170043945312], [50.168853759765625, 105.41805267333984, 300.9275207519531, 982.9627685546875]]"
785_to_787.png,"[0.9944775700569153, 0.9942718744277954]",[0 0],"[[346.6878662109375, 2.3978233337402344, 600.2950439453125, 1018.2445068359375], [1693.458984375, 38.28432083129883, 1958.1666259765625, 1004.9180908203125]]"
916_to_918.png,"[0.9946913123130798, 0.9837771654129028]",[0 0],"[[1144.6124267578125, 131.28237915039062, 1342.7164306640625, 908.0392456054688], [9.47472858428955, 58.989315032958984, 186.40345764160156, 880.6012573242188]]"
710_to_712.png,[0.9741920232772827],[0],"[[1588.26953125, 39.05616760253906, 1838.5067138671875, 1128.636474609375]]"
811_to_813.png,"[0.9974863529205322, 0.9742485284805298]",[0 0],"[[668.1220092773438, 0.0, 916.0003051757812, 1098.669189453125], [1417.374755859375, 77.25800323486328, 1629.470458984375, 876.2384033203125]]"
842_to_844.png,[0.9974017143249512],[0],"[[1015.2347412109375, 0.0, 1342.5037841796875, 982.0052490234375]]"
2615_to_2617.png,"[0.9996552467346191, 0.9996095299720764]",[0 0],"[[666.4033203125, 9.232978820800781, 878.8284301757812, 928.224365234375], [1850.3499755859375, 0.0, 2000.0, 937.6448974609375]]"
813_to_815.png,"[0.9978340268135071, 0.9871053695678711]",[0 0],"[[297.8482360839844, 0.0, 536.9896240234375, 1094.901123046875], [825.4369506835938, 51.71161651611328, 1075.8348388671875, 883.7796020507812]]"
806_to_808.png,"[0.9978725910186768, 0.9679063558578491]",[0 0],"[[1602.09423828125, 29.754180908203125, 1852.140869140625, 970.0263061523438], [352.5968322753906, 145.6057891845703, 589.4244384765625, 997.3531494140625]]"
